{"loss": [1.6996184825897216], "accuracy": [43.5546875], "epochs": [1], "batches": [10], "timestamps": [173.5862033367157]}